Ning Wang,Yang Gao,Hao Chen,Peng Wang,Zhi Tian,Chunhua Shen,Yanning Zhang,,,,,,
Xin He,Kaiyong Zhao,Xiaowen Chu,,,,,,,,,,
Hao LU,Hu HAN,,,,,,,,,,,
Santiago Gomez-Rosero,Miriam A. M. Capretz,Syed Mir,,,,,,,,,,
Kohei NAKAI,Takashi MATSUBARA,Kuniaki UEHARA,,,,,,,,,,
Arushi Chauhan,Mayank Vatsa,Richa Singh,,,,,,,,,,
Lorenzo Vaccaro,Giuseppe Sansonetti,Alessandro Micarelli,,,,,,,,,,
Zhengang Li,Geng Yuan,Wei Niu,Yanyu Li,Pu Zhao,Yuxuan Cai,Xuan Shen,Zheng Zhan,Zhenglun Kong,Qing Jin,Bin Ren,Yanzhi Wang,Xue Lin
Sanghyeop Lee,Junyeob Kim,Hyeon Kang,Do-Young Kang,Jangsik Park,,,,,,,,
Zhao Yang,Shengbing Zhang,Ruxu Li,Chuxi Li,Miao Wang,Danghui Wang,Meng Zhang,,,,,,
Benjia Zhou,Yunan Li,Jun Wan,,,,,,,,,,
Tianqi Tang,Xin Yu,Xuanyi Dong,Yi Yang,,,,,,,,,
Ningning Ma,Xiangyu Zhang,Jiawei Huang,Jian Sun,,,,,,,,,
Qing Ye,Yanan Sun,Jixin Zhang,Jiancheng Lv,,,,,,,,,
Sulaiman Sadiq,Partha Maji,Jonathan Hare,Geoff Merrett,,,,,,,,,
S´eamus Lankford,Diarmuid Grimes,,,,,,,,,,,
Hao Liu,Dong Li,JinZhang Peng,Qingjie Zhao,Lu Tian,Yi Shan,,,,,,,
Xiangxiang Chu,Tianbao Zhou,Bo Zhang,Jixiang Li,,,,,,,,,
Ramakanth Pasunuru,Mohit Bansal,,,,,,,,,,,
Yanxi Li,Zhaohui Yang,Yunhe Wang,Chang Xu,,,,,,,,,
Han Shi,Renjie Pi,Hang Xu,Zhenguo Li,James T. Kwok,Tong Zhang,,,,,,,
Pan Zhou,Caiming Xiong,Richard Socher,Steven C.H. Hoi,,,,,,,,,
Jeongun Ryu,Jaewoong Shin,Hae Beom Lee,Sung Ju Hwang,,,,,,,,,
Shen Yan,Yu Zheng,Wei Ao,Xiao Zeng,Mi Zhang,,,,,,,,
Colin White,Willie Neiswanger,Sam Nolen,Yash Savani,,,,,,,,,
Daiyi Peng,Xuanyi Dong,Esteban Real,Mingxing Tan,Yifeng Lu,Hanxiao Liu,Gabriel Bender,Adam Kraft,Chen Liang,Quoc V. Le,,,
Jiaxuan You,Rex Ying,Jure Leskovec,,,,,,,,,,
Yongqi Zhang,Quanming Yao,Lei Chen,,,,,,,,,,
Jiaxing Wang,Haoli Bai,Jiaxiang Wu,Xupeng Shi,Junzhou Huang,Irwin King,Michael Lyu,Jian Cheng,,,,,
Miao Zhang,Huiqi Li,Shirui Pan,Xiaojun Chang,Chuan Zhou,Zongyuan Ge,Steven W. Su,,,,,,
Lemeng Wu,Bo Liu,Peter Stone,Qiang Liu,,,,,,,,,
Yuanbiao Gou,Boyun Li,Zitao Liu,Songfan Yang,Xi Peng,,,,,,,,
Zhijie Deng,Yinpeng Dong,Shifeng Zhang,Jun Zhu,,,,,,,,,
Peetak Mitra,Niccolò Dal Santo,Majid Haghshenas,Shounak Mitra,Conor Daly,David P. Schmidt,,,,,,,
Miao Zhang,Huiqi Li,Shirui Pan,Xiaojun Chang,Zongyuan Ge,Steven Su,,,,,,,
Ting Li,Junbo Zhang,Kainan Bao,Yuxuan Liang,Yexin Li,Yu Zheng,,,,,,,
Javier García López,Antonio Agudo,Francesc Moreno-Noguer,,,,,,,,,,
Komal Kumari,Diego A. Donzis,,,,,,,,,,,
Jihwan Kim,Jisung Wang,Sangki Kim,Yeha Lee,,,,,,,,,
Jiaheng Liu,Shunfeng Zhou,Yichao Wu,Ken Chen,Wanli Ouyang,Dong Xu,,,,,,,
Najmeh Fayyazifar,,,,,,,,,,,,
Najmeh Fayyazifar,Selam Ahderom,David Suter,Andrew Maiorana,Girish Dwivedi,,,,,,,,
Colin White,Willie Neiswanger,Yash Savani,,,,,,,,,,
Jihao Li,Wenhui Diao,Xian Sun,Yingchao Feng,Wenkai Zhang,Zhonghan Chang,Kun Fu,,,,,,
Zerui Chen,Yan Huang,Hongyuan Yu,Bin Xue,Ke Han,Yiru Guo,Liang Wang,,,,,,
Yibo Hu,Xiang Wu,Ran He,,,,,,,,,,
Venkatesulu Dondeti,Jyostna Devi Bodapati,Shaik Nagur Shareef,Veeranjaneyulu Naralasetti ,,,,,,,,,
Marcelo Gennari do Nascimento,Theo W. Costain,Victor Adrian Prisacariu,,,,,,,,,,
Miao Zhang,Huiqi Li,Shirui Pan,Taoping Liu,Steven Su,,,,,,,,
Yanxi Li,Minjing Dong,Yunhe Wang,Chang Xu,,,,,,,,,
Li’an Zhuo,Baochang Zhang,Hanlin Chen,Linlin Yang,Chen Chen,Yanjun Zhu,David Doermann,,,,,,
Yaoming Wang,Wenrui Dai,Chenglin Li,Junni Zou,Hongkai Xiong,,,,,,,,
Xiaoxing Wang,Chao Xue,Junchi Yan,Xiaokang Yang,Yonggang Hu,Kewei Sun,,,,,,,
Shashank Kotyan,Danilo Vasconcellos Vargas,,,,,,,,,,,
Vladimir Nekrasov,Hao Chen,Chunhua Shen,Ian Reid,,,,,,,,,
Yang Gao,Hong Yang,Peng Zhang,Chuan Zhou,,,,,,,,,
Jiaxing Wang,Jiaxiang Wu,Haoli Bai,Jian Cheng,,,,,,,,,
Ting Li,Junbo Zhang,Kainan Bao,Yuxuan Liang,Yexin Li,Yu Zheng,,,,,,,
AJ Piergiovanni,Anelia Angelova,Michael S. Ryoo,,,,,,,,,,
Efi Kokiopoulou,Anja Hauth,Luciano Sbaiz,Andrea Gesmundo,Gábor Bartók,Jesse Berent,,,,,,,
Xiaotong Lu,Han Huang,Weisheng Dong,Xin Li,Guangming Shi,,,,,,,,
Li Lyna Zhang,Yuqing Yang,Yuhang Jiang,Wenwu Zhu,Yunxin Liu,,,,,,,,
Haokui Zhang,Ying Li,Hao Chen,Chunhua Shen,,,,,,,,,
Zhihang Li,Teng Xi,Jiankang Deng,Gang Zhang,Shengzhao Wen,Ran He,,,,,,,
Gabriel Bender,Hanxiao Liu,Bo Chen,Grace Chu,Shuyang Cheng,Pieter-Jan Kindermans,Quoc Le,,,,,,
Keivan Alizadeh vahid,Anish Prabhu,Ali Farhadi,Mohammad Rastegari,,,,,,,,,
Tianzhe Wang,Kuan Wang,Han Cai,Ji Lin,Zhijian Liu,Hanrui Wang,Yujun Lin,Song Han,,,,,
Chenhan Jiang,Hang Xu,Wei Zhang,Xiaodan Liang,Zhenguo Li,,,,,,,,
Ruoteng Li,Robby T. Tan,Loong-Fah Cheong,,,,,,,,,,
Eugene Lee,Chen-Yi Lee,,,,,,,,,,,
Yuhang Li,Ruihao Gong,Fengwei Yu,Xin Dong,Xianglong Liu,,,,,,,,
Faisal Waris,Robert Reynolds,,,,,,,,,,,
SeulGi Hong,DongHyun Kim,Min-Kook Choi,,,,,,,,,,
Stefano Alletto,Shenyang Huang,Vincent Francois-Lavet,Yohei Nakata,Guillaume Rabusseau,,,,,,,,
Wenshuo Li,Xuefei Ning,Guangjun Ge,Xiaoming Chen,Yu Wang,Huazhong Yang,,,,,,,
An-Chieh Cheng,Chieh Hubert Lin,Da-Cheng Juan,Wei Wei,Min Sun,,,,,,,,
Yujun Lin,Driss Hafdi,Kuan Wang,Zhijian Liu,Song Han,,,,,,,,
Colin White,Willie Neiswanger,Yash Savani,,,,,,,,,,
Matthew E. Baughman,Justin M. Wozniak,,,,,,,,,,,
Xia Xiao,Zigeng Wang,Sanguthevar Rajasekaran,,,,,,,,,,
Jianlong Chang,Xinbang Zhang,Yiwen Guo,Gaofeng Meng,Shiming Xiang,Chunhong Pan,,,,,,,
Yufan Jiang,Chi Hu,Tong Xiao,Chunliang Zhang,Jingbo Zhu,,,,,,,,
Yunyang Xiong,Ronak Mehta,Vikas Singh,,,,,,,,,,
Hang Xu,Lewei Yao,Wei Zhang,Xiaodan Liang,Zhenguo Li,,,,,,,,
Ruizhe Zhao,Wayne Luk,,,,,,,,,,,
Han Cai,Tianzhe Wang,Zhanghao Wu,Kuan Wang,Ji Lin,Song Han,,,,,,,
Hsin-Pai Cheng,Tunhou Zhang,Yukun Yang,Feng Yan,Harris Teague,Yiran Chen,Hai Li,,,,,,
Hanna Mazzawi,Xavi Gonzalvo,Aleks Kracun,Prashant Sridhar,Niranjan Subrahmanya,Ignacio Lopez Moreno,Hyun Jin Park,Patrick Violette,,,,,
Mingxing Tan,Quoc V. Le,,,,,,,,,,,
Masanori Suganuma,Masayuki Kobayashi,Shinichi Shirakawa,Tomoharu Nagao,,,,,,,,,
Juan-Manuel Pérez-Rúa,Valentin Vielzeuf,Stéphane Pateux,Moez Baccouche,Frédéric Jurie,,,,,,,,
Kenneth O. Stanley,Jeff Clune,Joel Lehman,Risto Miikkulainen,,,,,,,,,
Hanzhang Hu,John Langford,Rich Caruana,Eric Horvitz,Debadeepta Dey,,,,,,,,
Catherine Wong,Neil Houlsby,Yifeng Lu,Andrea Gesmundo,,,,,,,,,
Gabriel Bender,Pieter-Jan Kindermans,Barret Zoph,Vijay Vasudevan,Quoc Le,,,,,,,,
Richard Shin,Charles Packer,Dawn Song,,,,,,,,,,
Jin-Dong Dong,An-Chieh Cheng,Da-Cheng Juan,Wei Wei,Min Sun,,,,,,,,
Karim Ahmed,Lorenzo Torresani,,,,,,,,,,,
Hector Mendoza,Aaron Klein,Matthias Feurer,Jost Tobias Springenberg,Frank Hutter,,,,,,,,
Aaron Klein,Stefan Falkner,Jost Tobias Springenberg,Frank Hutter,,,,,,,,,
Hojjat Rakhshani,Hassan Ismail Fawaz,Lhassane Idoumghar,Germain Forestier,Julien Lepagnot,Jonathan Weber,Mathieu Brévilliers,Pierre-Alain Muller,,,,,
Chaoyang He,Murali Annavaram,Salman Avestimehr,,,,,,,,,,
Xuanyi Dong,Yi Yang,,,,,,,,,,,
